UTCDateTime,INR1000_Rate
09/24/2017 11:12:21,0.00422158
09/24/2017 11:12:30,0.00422158
09/24/2017 11:12:59,0.00422221
09/24/2017 11:13:09,0.00422158
09/24/2017 11:13:44,0.00421737
09/24/2017 11:13:54,0.00421737
09/24/2017 11:17:15,0.00421637
09/24/2017 11:17:25,0.00421737
09/24/2017 11:17:56,0.004203
09/24/2017 11:18:06,0.004203
09/24/2017 11:21:37,0.00421737
09/24/2017 11:21:47,0.00418519
09/24/2017 11:21:57,0.00418519
09/24/2017 11:22:07,0.004203
09/24/2017 11:22:17,0.00418519
09/24/2017 11:22:27,0.004203
09/24/2017 11:22:37,0.00418519
09/24/2017 11:22:47,0.00418519
09/24/2017 11:22:57,0.00418519
09/24/2017 11:23:07,0.00418519
09/24/2017 11:23:17,0.00418519
09/24/2017 11:24:04,0.00418519
09/24/2017 11:24:14,0.00418743
09/24/2017 11:24:24,0.00418519
09/24/2017 11:24:33,0.00418743
09/24/2017 11:24:44,0.00418743
09/24/2017 11:24:54,0.00418743
09/24/2017 11:25:04,0.00418743
09/24/2017 11:25:14,0.00418853
09/24/2017 11:25:24,0.00418746
09/24/2017 11:25:34,0.00418743
09/24/2017 11:25:44,0.00418743
09/24/2017 12:06:16,0.00418746
09/24/2017 12:06:26,0.00419366
09/24/2017 12:06:36,0.00419366
09/24/2017 12:06:46,0.00418746
09/24/2017 12:06:56,0.00419366
09/24/2017 12:08:27,0.00419627
09/24/2017 12:08:37,0.00418746
09/24/2017 12:08:47,0.00419358
09/24/2017 12:08:57,0.00419358
09/24/2017 12:09:07,0.00419358
09/24/2017 12:11:15,0.00419358
09/24/2017 12:11:25,0.00419358
09/24/2017 12:11:35,0.00419289
09/24/2017 12:11:46,0.00419289
09/24/2017 12:11:56,0.00419289
09/24/2017 12:12:34,0.00419289
09/24/2017 12:12:45,0.00419289
09/24/2017 12:12:54,0.00419143
09/24/2017 12:13:04,0.00419366
09/24/2017 12:13:14,0.00419142
09/24/2017 12:19:21,0.00419143
09/24/2017 12:19:31,0.00417798
09/24/2017 12:19:41,0.00419142
09/24/2017 12:19:51,0.00419143
09/24/2017 12:20:01,0.00417798
09/24/2017 12:20:36,0.00417798
09/24/2017 12:20:45,0.00417798
09/24/2017 12:20:55,0.00417798
09/24/2017 12:21:06,0.00418002
09/24/2017 12:21:15,0.00417798
09/24/2017 12:22:09,0.00418002
09/24/2017 12:22:19,0.00418238
09/24/2017 12:22:29,0.00418002
09/24/2017 12:22:39,0.00418238
09/24/2017 12:22:49,0.00418238
09/24/2017 12:25:24,0.00418238
09/24/2017 12:25:33,0.00418238
09/24/2017 12:25:43,0.00418066
09/24/2017 12:25:53,0.00418002
09/24/2017 12:26:03,0.00417973
09/24/2017 12:27:00,0.00417973
09/24/2017 12:27:10,0.00417982
09/24/2017 12:27:20,0.00418066
09/24/2017 12:27:30,0.00417973
09/24/2017 12:27:40,0.00417982
09/24/2017 12:28:14,0.00417982
09/24/2017 12:28:23,0.00418284
09/24/2017 12:28:33,0.00418284
09/24/2017 12:28:44,0.00418438
09/24/2017 12:28:53,0.00418284
09/24/2017 12:29:16,0.00418284
09/24/2017 12:29:26,0.00417982
09/24/2017 12:29:36,0.00418438
09/24/2017 12:29:46,0.00418438
09/24/2017 12:29:56,0.00418438
09/24/2017 12:30:52,0.00418438
09/24/2017 12:31:02,0.00418438
09/24/2017 12:31:12,0.00418532
09/24/2017 12:31:22,0.00418466
09/24/2017 12:31:32,0.00418532
09/24/2017 12:32:04,0.00418532
09/24/2017 12:32:14,0.00418532
09/24/2017 12:32:24,0.00418532
09/24/2017 12:32:34,0.00418578
09/24/2017 12:32:44,0.00418578
09/24/2017 12:32:54,0.00418578
09/24/2017 12:33:04,0.00418532
09/24/2017 12:33:41,0.00418578
09/24/2017 12:33:51,0.00418803
09/24/2017 12:34:01,0.00418733
09/24/2017 12:34:11,0.00418733
09/24/2017 12:34:21,0.00418803
09/24/2017 12:34:31,0.00418578
09/24/2017 12:34:41,0.00418803
09/24/2017 12:37:26,0.00418803
09/24/2017 12:37:36,0.00418782
09/24/2017 12:37:47,0.00418803
09/24/2017 12:37:56,0.00418861
09/24/2017 12:38:06,0.00418861
09/24/2017 12:38:16,0.00418861
09/24/2017 12:38:26,0.00418753
09/24/2017 12:39:42,0.00418753
09/24/2017 12:39:57,0.00418753
09/24/2017 12:40:12,0.00418634
09/24/2017 12:40:27,0.00418861
09/24/2017 12:40:42,0.00418634
09/24/2017 12:40:57,0.00418634
09/24/2017 12:41:12,0.00418634
09/24/2017 12:41:27,0.00418634
09/24/2017 12:41:42,0.00418634
09/24/2017 12:41:57,0.00418579
09/24/2017 12:42:12,0.00418741
09/24/2017 12:42:27,0.00418579
09/24/2017 12:42:42,0.00418634
09/24/2017 12:42:57,0.00418579
09/24/2017 12:43:12,0.00418741
09/24/2017 12:43:27,0.00418344
09/24/2017 12:43:42,0.00418344
09/24/2017 12:43:57,0.00418344
09/24/2017 12:44:12,0.00418344
09/24/2017 12:44:27,0.00418344
09/24/2017 12:44:42,0.00418233
09/24/2017 12:44:57,0.00418233
09/24/2017 12:45:12,0.00418344
09/24/2017 12:45:27,0.00418054
09/24/2017 12:45:42,0.00418054
09/24/2017 12:45:57,0.00418233
09/24/2017 12:46:12,0.00418054
09/24/2017 12:46:27,0.00418233
09/24/2017 12:46:42,0.00417869
09/24/2017 12:46:57,0.00417869
09/24/2017 12:47:12,0.00418054
09/24/2017 12:47:27,0.00417931
09/24/2017 12:47:42,0.00417869
09/24/2017 12:47:57,0.00417931
09/24/2017 12:48:12,0.00417931
09/24/2017 12:48:27,0.00417931
09/24/2017 12:48:42,0.00417854
09/24/2017 12:48:57,0.00417854
09/24/2017 12:49:12,0.00417854
09/24/2017 12:49:27,0.00417854
09/24/2017 12:49:42,0.00417925
09/24/2017 12:49:57,0.00417925
09/24/2017 12:50:12,0.00417925
09/24/2017 12:50:27,0.00417925
09/24/2017 12:50:42,0.00417854
09/24/2017 12:50:57,0.00418049
09/24/2017 12:51:12,0.00417925
09/24/2017 12:51:27,0.00418134
09/24/2017 12:51:42,0.00418134
09/24/2017 12:51:58,0.00418049
09/24/2017 12:52:12,0.00417881
09/24/2017 12:52:27,0.00417881
09/24/2017 12:52:42,0.00417881
09/24/2017 12:52:57,0.00417881
09/24/2017 12:53:12,0.00418049
09/24/2017 12:53:27,0.00417955
09/24/2017 12:53:42,0.00417881
09/24/2017 12:53:57,0.00417955
09/24/2017 12:54:12,0.00417819
09/24/2017 12:54:28,0.00417955
09/24/2017 12:54:43,0.00418134
09/24/2017 12:54:57,0.00417819
09/24/2017 12:55:12,0.00417819
09/24/2017 12:55:27,0.00417819
09/24/2017 12:55:42,0.00417851
09/24/2017 12:55:57,0.00417851
09/24/2017 12:56:13,0.00417819
09/24/2017 12:56:27,0.00417851
09/24/2017 12:56:42,0.0041789
09/24/2017 12:56:57,0.0041789
09/24/2017 12:57:12,0.0041789
09/24/2017 12:57:27,0.0041789
09/24/2017 12:57:43,0.00417934
09/24/2017 12:57:57,0.0041789
09/24/2017 12:58:13,0.0041789
09/24/2017 12:58:28,0.00417896
09/24/2017 12:58:43,0.00417934
09/24/2017 12:58:57,0.00417896
09/24/2017 12:59:12,0.00417896
09/24/2017 12:59:27,0.00417896
09/24/2017 12:59:42,0.00417959
09/24/2017 12:59:58,0.00417896
09/24/2017 13:00:12,0.00417959
09/24/2017 13:00:27,0.00417959
09/24/2017 13:00:42,0.00417935
09/24/2017 13:00:57,0.00417959
09/24/2017 13:01:12,0.00417876
09/24/2017 13:01:28,0.00417959
09/24/2017 13:01:43,0.00417876
09/24/2017 13:01:58,0.00417876
09/24/2017 13:02:13,0.00417876
09/24/2017 13:02:28,0.00417876
09/24/2017 13:02:43,0.00417876
09/24/2017 13:02:58,0.00417514
09/24/2017 13:03:13,0.00417814
09/24/2017 13:03:28,0.00417814
09/24/2017 13:03:43,0.00417514
09/24/2017 13:03:58,0.00417876
09/24/2017 13:04:13,0.00417514
09/24/2017 13:04:28,0.00417514
09/24/2017 13:04:43,0.00417514
09/24/2017 13:04:58,0.00417514
09/24/2017 13:05:13,0.00417451
09/24/2017 13:05:28,0.00417514
09/24/2017 13:05:43,0.00417451
09/24/2017 13:05:58,0.00417451
09/24/2017 13:06:13,0.00417332
09/24/2017 13:06:28,0.00417451
09/24/2017 13:06:43,0.00417332
09/24/2017 13:06:58,0.00417332
09/24/2017 13:07:13,0.00417332
09/24/2017 13:07:28,0.00417332
09/24/2017 13:07:43,0.00417332
09/24/2017 13:07:58,0.00417451
09/24/2017 13:08:13,0.00416241
09/24/2017 13:08:28,0.00416722
09/24/2017 13:08:43,0.00416241
09/24/2017 13:08:58,0.00416241
09/24/2017 13:09:13,0.00416241
09/24/2017 13:09:28,0.00416241
09/24/2017 13:09:43,0.00415487
09/24/2017 13:09:58,0.0041557
09/24/2017 13:10:13,0.00416722
09/24/2017 13:10:28,0.0041557
09/24/2017 13:10:43,0.00415487
09/24/2017 13:10:58,0.00415487
09/24/2017 13:11:13,0.00415487
09/24/2017 13:11:28,0.00415487
09/24/2017 13:11:43,0.00415487
09/24/2017 13:11:58,0.00415811
09/24/2017 13:12:13,0.00415529
09/24/2017 13:12:28,0.00415529
09/24/2017 13:12:43,0.00415811
09/24/2017 13:12:58,0.00415811
09/24/2017 13:13:13,0.00415532
09/24/2017 13:13:28,0.00415487
09/24/2017 13:13:43,0.00415532
09/24/2017 13:13:58,0.00415529
09/24/2017 13:14:13,0.00415532
09/24/2017 13:14:28,0.00415532
09/24/2017 13:14:43,0.00415532
09/24/2017 13:14:58,0.00415318
09/24/2017 13:15:13,0.00415318
09/24/2017 13:15:28,0.00415318
09/24/2017 13:15:43,0.00415318
09/24/2017 13:15:58,0.00415087
09/24/2017 13:16:13,0.00415301
09/24/2017 13:16:28,0.00415087
09/24/2017 13:16:43,0.00415087
09/24/2017 13:16:58,0.00415301
09/24/2017 13:17:13,0.00415087
09/24/2017 13:17:28,0.00414626
09/24/2017 13:17:43,0.00415087
09/24/2017 13:17:58,0.00414626
09/24/2017 13:18:13,0.00414626
09/24/2017 13:18:28,0.00414626
09/24/2017 13:18:43,0.00414398
09/24/2017 13:18:58,0.00414398
09/24/2017 13:19:13,0.00414398
09/24/2017 13:19:28,0.00414398
09/24/2017 13:19:43,0.00414398
09/24/2017 13:19:58,0.00414398
09/24/2017 13:20:13,0.00414263
09/24/2017 13:20:28,0.0041448
09/24/2017 13:20:43,0.0041448
09/24/2017 13:20:58,0.0041448
09/24/2017 13:21:13,0.0041448
09/24/2017 13:21:28,0.0041456
09/24/2017 13:21:43,0.0041456
09/24/2017 13:21:58,0.0041456
09/24/2017 13:22:13,0.00414818
09/24/2017 13:22:28,0.00414818
09/24/2017 13:22:43,0.00414818
09/24/2017 13:22:58,0.00414818
09/24/2017 13:23:13,0.0041456
09/24/2017 13:23:28,0.00414263
09/24/2017 13:23:43,0.00414818
09/24/2017 13:23:58,0.00415159
09/24/2017 13:24:13,0.00415159
09/24/2017 13:24:28,0.00415159
09/24/2017 13:24:43,0.00415159
09/24/2017 13:24:58,0.00415159
09/24/2017 13:25:13,0.00415173
09/24/2017 13:25:28,0.00415159
09/24/2017 13:25:43,0.00415022
09/24/2017 13:25:58,0.00414993
09/24/2017 13:26:13,0.00414993
09/24/2017 13:26:28,0.00415173
09/24/2017 13:26:43,0.00415173
09/24/2017 13:26:58,0.00414985
09/24/2017 13:27:13,0.00415173
09/24/2017 13:27:28,0.00414985
09/24/2017 13:27:43,0.00414993
09/24/2017 13:27:58,0.00414985
09/24/2017 13:28:13,0.00414985
09/24/2017 13:28:28,0.00415039
09/24/2017 13:28:43,0.00415039
09/24/2017 13:28:58,0.00414985
09/24/2017 13:29:13,0.00415079
09/24/2017 13:29:28,0.00415079
09/24/2017 13:29:43,0.00415079
09/24/2017 13:29:58,0.00414985
09/24/2017 13:30:13,0.00415091
09/24/2017 13:30:28,0.00415039
09/24/2017 13:30:43,0.00415091
09/24/2017 13:30:58,0.00415091
09/24/2017 13:31:13,0.00415091
09/24/2017 13:31:28,0.00415111
09/24/2017 13:31:43,0.00415111
09/24/2017 13:31:59,0.00415079
09/24/2017 13:32:13,0.00414892
09/24/2017 13:32:28,0.00414892
09/24/2017 13:32:43,0.00414892
09/24/2017 13:32:58,0.00414892
09/24/2017 13:38:43,0.00412893
09/24/2017 13:38:58,0.00412543
09/24/2017 13:39:13,0.00413053
09/24/2017 13:39:28,0.00413665
09/24/2017 13:39:43,0.00412893
09/24/2017 13:39:58,0.00413146
09/24/2017 13:40:13,0.00413053
09/24/2017 13:40:28,0.00413053
09/24/2017 13:40:43,0.00413053
09/24/2017 13:40:58,0.00413267
09/24/2017 13:41:13,0.00413053
09/24/2017 13:41:28,0.00413146
09/24/2017 13:41:43,0.00413267
09/24/2017 13:41:58,0.00413267
09/24/2017 13:42:13,0.0041328
09/24/2017 13:42:28,0.00413267
09/24/2017 13:42:43,0.00413586
09/24/2017 13:42:58,0.0041328
09/24/2017 13:43:13,0.00413267
09/24/2017 13:43:28,0.00413586
09/24/2017 13:43:43,0.00413586
09/24/2017 13:43:58,0.00413586
09/24/2017 13:44:13,0.00413586
09/24/2017 13:44:28,0.00413586
09/24/2017 13:44:43,0.00413586
09/24/2017 13:44:58,0.00413547
09/24/2017 13:45:13,0.0041368
09/24/2017 13:45:28,0.0041368
09/24/2017 13:45:43,0.0041368
09/24/2017 13:45:58,0.0041368
09/24/2017 13:46:13,0.0041368
09/24/2017 13:46:28,0.00413635
09/24/2017 13:46:43,0.00413547
09/24/2017 13:46:58,0.00413635
09/24/2017 13:47:13,0.00413855
09/24/2017 13:47:28,0.00413855
09/24/2017 13:47:43,0.00413855
09/24/2017 13:47:59,0.00413855
09/24/2017 13:48:13,0.00413855
09/24/2017 13:48:28,0.00413851
09/24/2017 13:48:43,0.00413851
09/24/2017 13:48:58,0.00413855
09/24/2017 13:49:13,0.00413844
09/24/2017 13:49:28,0.00413851
09/24/2017 13:49:43,0.00413844
09/24/2017 13:49:58,0.00413844
09/24/2017 13:50:13,0.00413635
09/24/2017 13:50:28,0.00413844
09/24/2017 13:50:43,0.00413692
09/24/2017 13:50:58,0.00413844
09/24/2017 13:51:13,0.00413745
09/24/2017 13:51:28,0.00413692
09/24/2017 13:51:43,0.00413745
09/24/2017 13:51:58,0.00413745
09/24/2017 13:52:13,0.00413745
09/24/2017 13:52:28,0.00413896
09/24/2017 13:52:43,0.00413896
09/24/2017 13:52:58,0.00413745
09/24/2017 13:53:13,0.00413896
09/24/2017 13:53:28,0.00413896
09/24/2017 13:53:43,0.00413692
09/24/2017 13:53:58,0.00413921
09/24/2017 13:54:13,0.00413917
09/24/2017 13:54:28,0.00413917
09/24/2017 13:54:43,0.00413921
09/24/2017 13:54:58,0.00413921
09/24/2017 13:55:13,0.0041384
09/24/2017 13:55:28,0.00413917
09/24/2017 13:55:43,0.0041384
09/24/2017 13:55:58,0.0041384
09/24/2017 13:56:13,0.0041384
09/24/2017 13:56:28,0.00413854
09/24/2017 13:56:43,0.0041384
09/24/2017 13:56:59,0.00413854
09/24/2017 13:57:13,0.0041369
09/24/2017 13:57:28,0.00413854
09/24/2017 13:57:43,0.0041369
09/24/2017 13:57:58,0.0041369
09/24/2017 13:58:13,0.00413615
09/24/2017 13:58:28,0.0041369
09/24/2017 13:58:43,0.00413615
09/24/2017 13:58:58,0.00413615
09/24/2017 13:59:13,0.00413615
09/24/2017 13:59:28,0.00413615
09/24/2017 13:59:43,0.00413615
09/24/2017 13:59:58,0.00413689
09/24/2017 14:00:13,0.00413615
09/24/2017 14:00:29,0.00413993
09/24/2017 14:00:43,0.00413993
09/24/2017 14:00:58,0.00413993
09/24/2017 14:01:13,0.00413993
09/24/2017 14:01:28,0.00414336
09/24/2017 14:01:43,0.00414336
09/24/2017 14:01:59,0.00413689
09/24/2017 14:02:13,0.00413993
09/24/2017 14:02:28,0.00414336
09/24/2017 14:02:43,0.00414172
09/24/2017 14:02:58,0.00414172
09/24/2017 14:03:13,0.00414172
09/24/2017 14:03:28,0.00414269
09/24/2017 14:03:43,0.00414172
09/24/2017 14:03:58,0.00414282
09/24/2017 14:04:13,0.00414282
09/24/2017 14:04:28,0.00414282
09/24/2017 14:04:43,0.00414282
09/24/2017 14:04:58,0.00414269
09/24/2017 14:05:13,0.00414282
09/24/2017 14:05:28,0.00414269
09/24/2017 14:05:48,0.00414183
09/24/2017 14:05:58,0.00414183
09/24/2017 14:06:13,0.00414183
09/24/2017 14:06:28,0.00414183
09/24/2017 14:06:43,0.00414183
09/24/2017 14:06:58,0.00414183
09/24/2017 14:07:13,0.00414586
09/24/2017 14:07:29,0.00414586
09/24/2017 14:07:43,0.00414586
09/24/2017 14:07:58,0.00414586
09/24/2017 14:08:13,0.00414586
09/24/2017 14:08:28,0.00415508
09/24/2017 14:08:43,0.00415508
09/24/2017 14:08:58,0.00415508
09/24/2017 14:09:13,0.00415508
09/24/2017 14:09:28,0.00415508
09/24/2017 14:09:43,0.0041581
09/24/2017 14:09:58,0.00414586
09/24/2017 14:10:13,0.0041581
09/24/2017 14:10:28,0.0041581
09/24/2017 14:10:43,0.00415854
09/24/2017 14:10:58,0.00415854
09/24/2017 14:11:16,0.00415854
09/24/2017 14:11:28,0.0041581
09/24/2017 14:11:43,0.00415854
09/24/2017 14:11:58,0.00415378
09/24/2017 14:12:13,0.00415854
09/24/2017 14:12:28,0.00415389
09/24/2017 14:12:43,0.00415389
09/24/2017 14:12:58,0.00415378
09/24/2017 14:13:13,0.00415378
09/24/2017 14:13:28,0.00415808
09/24/2017 14:13:43,0.00415808
09/24/2017 14:13:58,0.00415808
09/24/2017 14:14:13,0.00416225
09/24/2017 14:14:28,0.00415808
09/24/2017 14:14:43,0.00415378
09/24/2017 14:14:58,0.00416533
09/24/2017 14:15:13,0.00416533
09/24/2017 14:15:28,0.00416225
09/24/2017 14:15:43,0.00416533
09/24/2017 14:15:58,0.00416533
09/24/2017 14:16:13,0.00416274
09/24/2017 14:16:28,0.00416533
09/24/2017 14:16:43,0.00416274
09/24/2017 14:16:59,0.00416274
09/24/2017 14:17:13,0.00416533
09/24/2017 14:17:28,0.00416274
09/24/2017 14:17:43,0.00416274
09/24/2017 14:17:58,0.00416028
09/24/2017 14:18:13,0.00416028
09/24/2017 14:18:29,0.00416028
09/24/2017 14:18:43,0.00416028
09/24/2017 14:18:58,0.00416028
09/24/2017 14:19:13,0.00415723
09/24/2017 14:33:31,0.00416268
09/24/2017 14:33:46,0.00416028
09/24/2017 14:34:01,0.00415476
09/24/2017 14:34:16,0.00415723
09/24/2017 14:34:32,0.00415476
09/24/2017 14:34:46,0.00415476
09/24/2017 14:35:01,0.00415476
09/24/2017 14:35:16,0.00415476
09/24/2017 14:35:31,0.00415476
09/24/2017 14:35:46,0.00415476
09/24/2017 14:37:09,0.00415476
09/24/2017 14:37:22,0.00415476
09/24/2017 14:37:38,0.00415476
09/24/2017 14:37:52,0.00416021
09/24/2017 14:38:08,0.00415524
09/24/2017 14:38:23,0.00415524
09/24/2017 14:38:39,0.00416021
09/24/2017 14:38:53,0.00416021
09/24/2017 14:39:08,0.00416021
09/24/2017 14:39:23,0.00415524
09/24/2017 14:39:38,0.00416149
09/24/2017 14:44:27,0.00416149
09/24/2017 14:44:41,0.00416149
09/24/2017 14:44:56,0.00415611
09/24/2017 14:45:11,0.00416021
09/24/2017 14:45:25,0.00416107
09/24/2017 14:45:40,0.00415611
09/24/2017 14:45:56,0.00415611
09/24/2017 14:46:10,0.00415611
09/24/2017 14:47:30,0.00415611
09/24/2017 14:47:44,0.00416107
09/24/2017 14:48:00,0.00415567
09/24/2017 14:48:14,0.00415747
09/24/2017 14:48:30,0.00415611
09/24/2017 14:48:44,0.00415747
09/24/2017 14:48:59,0.00415567
09/24/2017 14:49:14,0.00415782
09/24/2017 14:49:29,0.00415782
09/24/2017 14:49:44,0.00415782
09/24/2017 14:50:00,0.00415782
09/24/2017 14:50:14,0.00415586
09/24/2017 14:50:30,0.00415586
09/24/2017 14:50:44,0.00415586
09/24/2017 14:50:59,0.00415586
09/24/2017 14:51:14,0.00415586
09/24/2017 14:51:30,0.00415483
09/24/2017 14:51:44,0.00415483
09/24/2017 14:52:00,0.00415747
09/24/2017 14:52:14,0.00415619
09/24/2017 14:52:30,0.00415483
09/24/2017 14:52:44,0.00415483
09/24/2017 14:53:00,0.00416247
09/24/2017 14:53:14,0.00416247
09/24/2017 14:53:29,0.00416247
09/24/2017 14:53:44,0.00416247
09/24/2017 14:53:59,0.00416247
09/24/2017 14:54:14,0.00415619
09/24/2017 14:54:30,0.00416143
09/24/2017 14:54:44,0.00416143
09/24/2017 14:55:00,0.00416143
09/24/2017 14:55:14,0.00416143
09/24/2017 14:55:30,0.00416175
09/24/2017 14:55:44,0.00416175
09/24/2017 14:56:00,0.00416175
09/24/2017 14:56:14,0.00416175
09/24/2017 14:56:30,0.00416143
09/24/2017 14:56:45,0.00416694
09/24/2017 14:57:00,0.00416694
09/24/2017 14:57:14,0.00416175
09/24/2017 14:57:30,0.00416694
09/24/2017 14:57:45,0.00416694
09/24/2017 14:58:00,0.00416143
09/24/2017 14:58:15,0.00416694
09/24/2017 14:58:30,0.00416694
09/24/2017 14:58:45,0.00416708
09/24/2017 14:59:01,0.00416818
09/24/2017 14:59:15,0.00416708
09/24/2017 14:59:30,0.00416818
09/24/2017 14:59:45,0.00416818
09/24/2017 15:00:00,0.00416708
09/24/2017 15:00:15,0.00416818
09/24/2017 15:00:30,0.00416818
09/24/2017 15:00:45,0.00417352
09/24/2017 15:01:00,0.00417352
09/24/2017 15:01:14,0.00417352
09/24/2017 15:01:30,0.004171
09/24/2017 15:01:45,0.00417352
09/24/2017 15:02:00,0.00417345
09/24/2017 15:02:15,0.00417345
09/24/2017 15:02:30,0.004171
09/24/2017 15:02:45,0.00417345
09/24/2017 15:03:00,0.00417345
09/24/2017 15:03:15,0.00417345
09/24/2017 15:03:30,0.00417345
09/24/2017 15:03:45,0.00418117
09/24/2017 15:04:01,0.00417352
09/24/2017 15:04:15,0.00417345
09/24/2017 15:04:30,0.00418112
09/24/2017 15:04:45,0.00418112
09/24/2017 15:05:00,0.00418117
09/24/2017 15:05:15,0.00418112
09/24/2017 15:05:30,0.00418105
09/24/2017 15:05:45,0.00418112
09/24/2017 15:06:00,0.00418086
09/24/2017 15:06:15,0.00418105
09/24/2017 15:06:30,0.00418086
09/24/2017 15:06:45,0.00418086
09/24/2017 15:07:00,0.00418112
09/24/2017 15:07:15,0.00418086
09/24/2017 15:07:30,0.00417331
09/24/2017 15:07:45,0.00418086
09/24/2017 15:08:00,0.00417401
09/24/2017 15:08:15,0.00417401
09/24/2017 15:08:30,0.00417401
09/24/2017 15:08:45,0.00417331
09/24/2017 15:09:00,0.00417645
09/24/2017 15:09:15,0.00417645
09/24/2017 15:09:30,0.00417645
09/24/2017 15:09:45,0.00417401
09/24/2017 15:10:00,0.00417711
09/24/2017 15:10:15,0.00417645
09/24/2017 15:10:30,0.00417711
09/24/2017 15:10:45,0.00417711
09/24/2017 15:11:00,0.00417331
09/24/2017 15:11:15,0.00417711
09/24/2017 15:11:30,0.00418093
09/24/2017 15:11:45,0.00418093
09/24/2017 15:12:00,0.00417711
09/24/2017 15:12:15,0.00418093
09/24/2017 15:12:30,0.00417711
09/24/2017 15:12:45,0.00417971
09/24/2017 15:13:02,0.00417971
09/24/2017 15:13:15,0.00417971
09/24/2017 15:13:31,0.00417971
09/24/2017 15:13:45,0.00418208
09/24/2017 15:14:00,0.00418208
09/24/2017 15:14:15,0.00418208
09/24/2017 15:14:30,0.00418208
09/24/2017 15:14:45,0.00418384
09/24/2017 15:15:00,0.00418384
09/24/2017 15:15:15,0.00418208
09/24/2017 15:15:30,0.00418096
09/24/2017 15:15:45,0.00418384
09/24/2017 15:16:00,0.00417807
09/24/2017 15:16:15,0.00418096
09/24/2017 15:16:30,0.00417807
09/24/2017 15:16:45,0.00417807
09/24/2017 15:17:01,0.00417807
09/24/2017 15:17:15,0.00418096
09/24/2017 15:17:31,0.00418384
09/24/2017 15:17:45,0.00417846
09/24/2017 15:18:01,0.00417846
09/24/2017 15:18:16,0.00417846
09/24/2017 15:18:30,0.00417846
09/24/2017 15:18:45,0.00417846
09/24/2017 15:19:00,0.0041788
09/24/2017 15:19:15,0.00417753
09/24/2017 15:19:30,0.00417753
09/24/2017 15:19:45,0.0041788
09/24/2017 15:20:01,0.0041788
09/24/2017 15:20:15,0.0041777
09/24/2017 15:20:30,0.00417846
09/24/2017 15:20:45,0.0041777
09/24/2017 15:21:00,0.0041773
09/24/2017 15:21:15,0.0041773
09/24/2017 15:21:30,0.0041777
09/24/2017 15:21:45,0.0041773
09/24/2017 15:22:03,0.00417727
09/24/2017 15:22:15,0.00417727
09/24/2017 15:22:32,0.0041777
09/24/2017 15:22:45,0.00417819
09/24/2017 15:23:01,0.00417819
09/24/2017 15:23:15,0.00417819
09/24/2017 15:23:31,0.00417819
09/24/2017 15:23:45,0.00417819
09/24/2017 15:24:02,0.00417727
09/24/2017 15:24:15,0.00417763
09/24/2017 15:24:30,0.00417763
09/24/2017 15:24:45,0.00417727
09/24/2017 15:25:01,0.00417763
09/24/2017 15:25:16,0.0041775
09/24/2017 15:25:30,0.0041775
09/24/2017 15:25:45,0.0041775
09/24/2017 15:26:00,0.0041775
09/24/2017 15:26:15,0.00417763
09/24/2017 15:26:30,0.00417646
09/24/2017 15:26:45,0.00417646
09/24/2017 15:27:01,0.0041775
09/24/2017 15:27:15,0.00417646
09/24/2017 15:27:30,0.00417646
09/24/2017 15:27:45,0.00417646
09/24/2017 15:28:01,0.00417695
09/24/2017 15:28:15,0.00417384
09/24/2017 15:28:30,0.00417384
09/24/2017 15:28:45,0.00417384
09/24/2017 15:29:01,0.00417695
09/24/2017 15:29:16,0.0041727
09/24/2017 15:29:34,0.00417384
09/24/2017 15:29:45,0.00416632
09/24/2017 15:30:00,0.00417695
09/24/2017 15:30:16,0.00416632
09/24/2017 15:30:30,0.00416632
09/24/2017 15:30:45,0.00416632
09/24/2017 15:31:00,0.00416632
09/24/2017 15:31:15,0.0041727
09/24/2017 15:31:31,0.00416632
09/24/2017 15:31:45,0.00416807
09/24/2017 15:32:01,0.00416807
09/24/2017 15:32:15,0.00416807
09/24/2017 15:32:31,0.00416807
09/24/2017 15:32:46,0.00416807
09/24/2017 15:33:01,0.00416807
09/24/2017 15:33:15,0.00416817
09/24/2017 15:33:31,0.00416632
09/24/2017 15:33:46,0.00416807
09/24/2017 15:34:01,0.00416807
09/24/2017 15:34:15,0.00416817
09/24/2017 15:34:30,0.00416546
09/24/2017 15:34:45,0.00416546
09/24/2017 15:35:01,0.00416546
09/24/2017 15:35:15,0.00416546
09/24/2017 15:35:31,0.00416546
09/24/2017 15:35:46,0.0041647
09/24/2017 15:36:01,0.00416807
09/24/2017 15:36:15,0.00416592
09/24/2017 15:36:31,0.00416592
09/24/2017 15:36:45,0.0041647
09/24/2017 15:37:01,0.00416548
09/24/2017 15:37:15,0.00416548
09/24/2017 15:37:30,0.00416592
09/24/2017 15:37:45,0.00416592
09/24/2017 15:38:01,0.00416548
09/24/2017 15:38:15,0.00416548
09/24/2017 15:38:31,0.00416522
09/24/2017 15:38:45,0.00416522
09/24/2017 15:39:01,0.00416522
09/24/2017 15:39:15,0.00415738
09/24/2017 15:39:30,0.00415738
09/24/2017 15:39:46,0.00416548
09/24/2017 15:40:01,0.00415449
09/24/2017 15:40:16,0.00415449
09/24/2017 15:40:31,0.00415738
09/24/2017 15:40:45,0.00415229
09/24/2017 15:41:00,0.00415449
09/24/2017 15:41:15,0.00416548
09/24/2017 15:41:31,0.00415229
09/24/2017 15:41:46,0.00415229
09/24/2017 15:42:01,0.00415229
09/24/2017 15:42:15,0.00415229
09/24/2017 15:42:31,0.00415229
09/24/2017 15:42:46,0.0041548
09/24/2017 15:43:01,0.0041548
09/24/2017 15:43:15,0.00415229
09/24/2017 15:43:31,0.00415304
09/24/2017 15:43:45,0.00415304
09/24/2017 15:44:00,0.0041548
09/24/2017 15:44:15,0.00415304
09/24/2017 15:44:31,0.0041548
09/24/2017 15:44:45,0.00415335
09/24/2017 15:45:01,0.00415304
09/24/2017 15:45:15,0.00415335
09/24/2017 15:45:31,0.00415335
09/24/2017 15:45:46,0.00415441
09/24/2017 15:46:01,0.00415335
09/24/2017 15:46:15,0.00415566
09/24/2017 15:46:31,0.00415441
09/24/2017 15:46:46,0.00415739
09/24/2017 15:47:01,0.00415739
09/24/2017 15:47:15,0.00415441
09/24/2017 15:47:31,0.00415739
09/24/2017 15:47:46,0.00415739
09/24/2017 15:48:01,0.00416124
09/24/2017 15:48:16,0.00416124
09/24/2017 15:48:31,0.00415566
09/24/2017 15:48:46,0.00416124
09/24/2017 15:49:01,0.00416124
09/24/2017 15:49:16,0.00415739
09/24/2017 15:49:31,0.00416491
09/24/2017 15:49:46,0.00416124
09/24/2017 15:50:01,0.00416491
09/24/2017 15:50:16,0.00416491
09/24/2017 15:50:31,0.00416124
09/26/2017 15:40:13,0.00389279
09/26/2017 15:41:07,0.00389279
09/26/2017 15:41:20,0.00389279
09/26/2017 15:41:36,0.00389267
09/26/2017 15:41:51,0.00389302
09/26/2017 15:42:06,0.00389267
09/26/2017 15:42:21,0.00389267
09/26/2017 15:42:36,0.00389302
09/26/2017 15:42:51,0.00389267
09/26/2017 15:43:06,0.00389302
09/26/2017 15:43:21,0.00389343
09/26/2017 15:49:39,0.00389343
09/26/2017 15:49:53,0.00389302
09/26/2017 15:50:08,0.00389305
09/26/2017 15:50:23,0.00389305
09/26/2017 15:50:38,0.00389305
09/26/2017 15:50:53,0.00389305
09/26/2017 15:51:08,0.00389342
09/26/2017 15:51:23,0.00389342
09/26/2017 15:51:38,0.00389343
09/26/2017 15:51:53,0.0038931
09/26/2017 15:52:08,0.00389342
09/26/2017 15:52:23,0.0038931
09/26/2017 15:52:38,0.0038931
09/26/2017 15:52:53,0.00389305
09/26/2017 15:53:08,0.0038931
09/26/2017 15:53:23,0.00389219
09/26/2017 15:57:13,0.00389219
09/26/2017 15:57:14,0.0038931
09/26/2017 15:57:15,0.00389093
09/26/2017 15:57:17,0.00389093
09/26/2017 15:57:17,0.00389093
09/26/2017 15:57:18,0.00389093
09/26/2017 15:57:19,0.00389093
09/26/2017 15:57:35,0.00389093
09/26/2017 15:57:51,0.00389093
09/26/2017 15:58:07,0.00389093
09/26/2017 15:58:23,0.00389093
09/26/2017 15:58:39,0.00389093
09/26/2017 15:58:55,0.00389005
09/26/2017 15:59:10,0.0038891
09/26/2017 15:59:26,0.00389005
09/26/2017 15:59:42,0.0038891
09/26/2017 15:59:58,0.00389093
09/26/2017 16:00:14,0.0038891
09/26/2017 16:00:29,0.0038891
09/26/2017 16:00:45,0.00388871
09/26/2017 16:01:01,0.00388975
09/26/2017 16:01:16,0.00388975
09/26/2017 16:01:32,0.00388975
09/26/2017 16:01:48,0.00388871
09/26/2017 16:02:04,0.00388975
09/26/2017 16:02:20,0.00388975
09/26/2017 16:02:35,0.00388975
09/26/2017 16:02:51,0.00388975
09/26/2017 16:03:07,0.00388994
09/26/2017 16:03:23,0.00388994
09/26/2017 16:03:39,0.00388975
09/26/2017 16:03:55,0.00388996
09/26/2017 16:04:10,0.00388996
09/26/2017 16:04:26,0.00388871
09/26/2017 16:04:42,0.00388996
09/26/2017 16:04:57,0.00388996
09/26/2017 16:05:13,0.00388996
09/26/2017 16:05:29,0.00388992
09/26/2017 16:05:45,0.00388996
09/26/2017 16:06:00,0.00388978
09/26/2017 16:06:16,0.00388978
09/26/2017 16:06:32,0.00388992
09/26/2017 16:06:48,0.00388994
09/26/2017 16:07:03,0.00388978
09/26/2017 16:07:19,0.00388978
09/26/2017 16:07:35,0.00388996
09/26/2017 16:07:51,0.00388996
09/26/2017 16:08:07,0.00389073
09/26/2017 16:08:23,0.00389073
09/26/2017 16:08:38,0.00388978
09/26/2017 16:08:54,0.00388996
09/26/2017 16:09:10,0.00389192
09/26/2017 16:09:26,0.00389073
09/26/2017 16:09:41,0.00389192
09/26/2017 16:09:57,0.00389192
09/26/2017 16:10:13,0.00389192
09/26/2017 16:10:29,0.00389161
09/26/2017 16:10:45,0.00389161
09/26/2017 16:11:00,0.00389192
09/26/2017 16:11:16,0.00389192
09/26/2017 16:11:32,0.00389302
09/26/2017 16:11:48,0.00389302
09/26/2017 16:12:03,0.00389302
09/26/2017 16:12:19,0.00389302
09/26/2017 16:12:35,0.00389302
09/26/2017 16:12:51,0.0038966
09/26/2017 16:13:07,0.0038966
09/26/2017 16:13:23,0.0038966
09/26/2017 16:13:39,0.00389613
09/26/2017 16:13:55,0.00389613
09/26/2017 16:14:11,0.00389659
09/26/2017 16:14:26,0.00389659
09/26/2017 16:14:42,0.00389659
09/26/2017 16:14:58,0.00389659
09/26/2017 16:15:13,0.00389712
09/26/2017 16:15:29,0.0038966
09/26/2017 16:15:45,0.00389712
09/26/2017 16:16:01,0.00389712
09/26/2017 16:16:16,0.00389712
09/26/2017 16:16:32,0.00389717
09/26/2017 16:16:48,0.00389712
09/26/2017 16:17:03,0.00389717
09/26/2017 16:17:19,0.00389717
09/26/2017 16:17:35,0.00389731
09/26/2017 16:17:50,0.00389731
09/26/2017 16:18:07,0.00389731
09/26/2017 16:18:23,0.00389731
09/26/2017 16:18:39,0.00389849
09/26/2017 16:18:55,0.00389717
09/26/2017 16:19:10,0.00389812
09/26/2017 16:19:27,0.00389849
09/26/2017 16:19:43,0.00389849
09/26/2017 16:19:58,0.00389679
09/26/2017 16:20:14,0.00389812
09/26/2017 16:20:30,0.00389679
09/26/2017 16:20:46,0.00389679
09/26/2017 16:21:02,0.00389679
09/26/2017 16:21:18,0.00389812
09/26/2017 16:21:33,0.00389679
09/26/2017 16:21:49,0.00389765
09/26/2017 16:22:05,0.00389502
09/26/2017 16:22:20,0.00389679
09/26/2017 16:22:36,0.00389502
09/26/2017 16:22:52,0.00389765
09/26/2017 16:23:08,0.00389576
09/26/2017 16:23:24,0.00389502
09/26/2017 16:23:39,0.00389502
09/26/2017 16:23:55,0.0038956
09/26/2017 16:24:11,0.0038956
09/26/2017 16:24:27,0.00389576
09/26/2017 16:24:43,0.0038956
09/26/2017 16:24:58,0.0038956
09/26/2017 16:25:14,0.00389606
09/26/2017 16:25:30,0.00389576
09/26/2017 16:25:46,0.0038956
09/26/2017 16:26:02,0.00389606
09/26/2017 16:26:18,0.00389661
09/26/2017 16:26:34,0.00389661
09/26/2017 16:26:50,0.00389606
09/26/2017 16:27:05,0.00389661
09/26/2017 16:27:21,0.00389661
09/26/2017 16:27:37,0.00389742
09/26/2017 16:27:52,0.00389742
09/26/2017 16:28:09,0.00389742
09/26/2017 16:28:24,0.00389742
09/26/2017 16:28:40,0.00389742
09/26/2017 16:28:56,0.00389845
09/26/2017 16:29:12,0.00389742
09/26/2017 16:29:27,0.0039017
09/26/2017 16:29:43,0.0039017
09/26/2017 16:29:59,0.0039017
09/26/2017 16:30:15,0.00389845
09/26/2017 16:30:30,0.0039017
09/26/2017 16:30:46,0.00390985
09/26/2017 16:31:02,0.00390985
09/26/2017 16:31:18,0.00390985
09/26/2017 16:31:34,0.00390566
09/26/2017 16:31:50,0.00390985
09/26/2017 16:32:06,0.00390566
09/26/2017 16:32:22,0.00390985
09/26/2017 16:32:38,0.0039138
09/26/2017 16:32:54,0.0039138
09/26/2017 16:33:09,0.00390985
09/26/2017 16:33:25,0.0039138
09/26/2017 16:33:41,0.00392572
09/26/2017 16:33:57,0.00392572
09/26/2017 16:34:13,0.00392572
09/26/2017 16:34:28,0.00392572
09/26/2017 16:34:44,0.00392572
09/26/2017 16:35:00,0.00392985
09/26/2017 16:35:16,0.00392985
09/26/2017 16:35:31,0.00392943
09/26/2017 16:35:47,0.00392985
09/26/2017 16:36:03,0.00392227
09/26/2017 16:36:18,0.00392227
09/26/2017 16:36:35,0.0039138
09/26/2017 16:36:51,0.00392227
09/26/2017 16:37:07,0.00392943
09/26/2017 16:37:22,0.00391922
09/26/2017 16:37:38,0.00391922
09/26/2017 16:37:54,0.00391922
09/26/2017 16:38:10,0.00391922
09/26/2017 16:38:26,0.00391922
09/26/2017 16:38:41,0.00391922
09/26/2017 16:38:57,0.00391835
09/26/2017 16:39:13,0.00391835
09/26/2017 16:39:29,0.00391697
09/26/2017 16:39:45,0.00391835
09/26/2017 16:40:01,0.00391697
09/26/2017 16:40:16,0.00391548
09/26/2017 16:40:32,0.00391697
09/26/2017 16:40:48,0.00391548
09/26/2017 16:41:04,0.00391548
09/26/2017 16:41:20,0.00391548
09/26/2017 16:41:36,0.00391548
09/26/2017 16:41:52,0.00391425
09/26/2017 16:42:07,0.00391528
09/26/2017 16:42:23,0.00391528
09/26/2017 16:42:39,0.00391425
09/26/2017 16:42:55,0.00391425
09/26/2017 16:43:10,0.00391425
09/26/2017 16:43:26,0.00391425
09/26/2017 16:43:42,0.00391482
09/26/2017 16:43:58,0.00391482
09/26/2017 16:44:14,0.00391482
09/26/2017 16:44:29,0.00391425
09/26/2017 16:44:45,0.00392294
09/26/2017 16:45:01,0.00391482
09/26/2017 16:45:17,0.00392537
09/26/2017 16:45:33,0.00392294
09/26/2017 16:45:48,0.00392294
09/26/2017 16:46:04,0.00392275
09/26/2017 16:46:20,0.00392275
09/26/2017 16:46:35,0.00392537
09/26/2017 16:46:51,0.00392275
09/26/2017 16:47:07,0.00392537
09/26/2017 16:47:23,0.00392008
09/26/2017 16:47:38,0.00392008
09/26/2017 16:47:54,0.00392008
09/26/2017 16:48:10,0.00392008
09/26/2017 16:48:26,0.00391788
09/26/2017 16:48:42,0.00391788
09/26/2017 16:48:58,0.00391788
09/26/2017 16:49:14,0.00391799
09/26/2017 16:49:29,0.00391788
09/26/2017 16:49:45,0.00392008
09/26/2017 16:50:01,0.00391799
09/26/2017 16:50:17,0.00391869
09/26/2017 16:50:32,0.00391869
09/26/2017 16:50:48,0.00391869
09/26/2017 16:51:04,0.00391869
09/26/2017 16:51:20,0.00391568
09/26/2017 16:51:35,0.00391568
09/26/2017 16:51:51,0.00391568
09/26/2017 16:52:07,0.00391493
09/26/2017 16:52:22,0.00391799
09/26/2017 16:52:38,0.00391493
09/26/2017 16:52:54,0.00391493
09/26/2017 16:53:10,0.00391493
09/26/2017 16:53:25,0.00391152
09/26/2017 16:53:41,0.00391152
09/26/2017 16:53:57,0.00391568
09/26/2017 16:54:13,0.00391152
09/26/2017 16:54:28,0.00391493
09/26/2017 16:54:44,0.00390928
09/26/2017 16:55:00,0.00390928
09/26/2017 16:55:16,0.00390609
09/26/2017 16:55:31,0.00390609
09/26/2017 16:55:47,0.00390609
09/26/2017 16:56:03,0.00390609
09/26/2017 16:56:18,0.00390928
09/26/2017 16:56:34,0.00390928
09/26/2017 16:56:50,0.00390673
09/26/2017 16:57:06,0.00390509
09/26/2017 16:57:21,0.00390673
09/26/2017 16:57:37,0.00390509
09/26/2017 16:57:53,0.00390509
09/26/2017 16:58:09,0.00391054
09/26/2017 16:58:25,0.00390673
09/26/2017 16:58:41,0.00391054
09/26/2017 16:58:57,0.00391054
09/26/2017 16:59:13,0.00391054
09/26/2017 16:59:29,0.00391054
09/26/2017 16:59:44,0.00391008
09/26/2017 17:00:00,0.00391008
09/26/2017 17:00:16,0.00391008
09/26/2017 17:00:31,0.00391054
09/26/2017 17:00:48,0.00391008
09/26/2017 17:01:04,0.00390986
09/26/2017 17:01:19,0.00390907
09/26/2017 17:01:35,0.00390986
09/26/2017 17:01:51,0.00390907
09/26/2017 17:02:07,0.00390927
09/26/2017 17:02:23,0.00390927
09/26/2017 17:02:39,0.00390907
09/26/2017 17:02:54,0.00390882
09/26/2017 17:03:10,0.00390882
09/26/2017 17:03:26,0.00390882
09/26/2017 17:03:42,0.00390927
09/26/2017 17:03:58,0.00390927
09/26/2017 17:04:14,0.00390851
09/26/2017 17:04:30,0.00390882
09/26/2017 17:04:45,0.00390851
09/26/2017 17:05:01,0.00390851
09/26/2017 17:05:17,0.00390851
09/26/2017 17:05:33,0.00390851
09/26/2017 17:05:49,0.00390661
09/26/2017 17:06:04,0.00390851
09/26/2017 17:06:20,0.00390661
09/26/2017 17:06:36,0.00390661
09/26/2017 17:06:52,0.00390535
09/26/2017 17:07:08,0.00390156
09/26/2017 17:07:24,0.00390535
09/26/2017 17:07:39,0.00390156
09/26/2017 17:07:55,0.00390156
09/26/2017 17:08:12,0.00390535
09/26/2017 17:08:28,0.00390206
09/26/2017 17:08:44,0.00390206
09/26/2017 17:09:00,0.00390206
09/26/2017 17:09:16,0.00390424
09/26/2017 17:09:31,0.00390424
09/26/2017 17:09:48,0.00390424
09/26/2017 17:10:04,0.00390156
09/26/2017 17:10:19,0.00390206
09/26/2017 17:10:35,0.00390394
09/26/2017 17:10:51,0.00390394
09/26/2017 17:11:07,0.00390394
09/26/2017 17:11:23,0.00390394
09/26/2017 17:11:39,0.00390394
09/26/2017 17:11:55,0.00390469
09/26/2017 17:12:10,0.00390424
09/26/2017 17:12:26,0.00390486
09/26/2017 17:12:42,0.00390486
09/26/2017 17:12:58,0.00390469
09/26/2017 17:13:14,0.00390582
09/26/2017 17:13:30,0.00390486
09/26/2017 17:13:46,0.00390582
09/26/2017 17:14:02,0.00390486
09/26/2017 17:14:18,0.00390346
09/26/2017 17:14:33,0.00390582
09/26/2017 17:14:50,0.00390582
09/26/2017 17:15:06,0.00390333
09/26/2017 17:15:22,0.00390333
09/26/2017 17:15:38,0.00390346
09/26/2017 17:15:54,0.00390333
09/26/2017 17:16:10,0.00390293
09/26/2017 17:16:26,0.00390333
09/26/2017 17:16:41,0.00390293
09/26/2017 17:16:57,0.00390293
09/26/2017 17:17:13,0.00390293
09/26/2017 17:17:29,0.00390293
09/26/2017 17:17:45,0.00390293
09/26/2017 17:18:01,0.00390293
09/26/2017 17:18:17,0.00390233
09/26/2017 17:18:32,0.00390233
09/26/2017 17:18:48,0.00390293
09/26/2017 17:19:04,0.00390228
09/26/2017 17:19:19,0.00390228
09/26/2017 17:19:35,0.00390293
09/26/2017 17:19:51,0.00390151
09/26/2017 17:20:07,0.00390233
09/26/2017 17:20:22,0.00390228
09/26/2017 17:20:38,0.00390151
09/26/2017 17:20:54,0.00390151
09/26/2017 17:21:10,0.00390151
09/26/2017 17:21:25,0.00390151
09/26/2017 17:21:41,0.00390151
09/26/2017 17:21:57,0.00390037
09/26/2017 17:22:12,0.00390111
09/26/2017 17:22:28,0.00390111
09/26/2017 17:22:44,0.00390111
09/26/2017 17:23:00,0.00390111
09/26/2017 17:23:16,0.00390037
09/26/2017 17:23:32,0.00390202
09/26/2017 17:23:48,0.00390202
09/26/2017 17:24:04,0.00390202
09/26/2017 17:24:20,0.00390409
09/26/2017 17:24:36,0.00390409
09/26/2017 17:24:52,0.00390202
09/26/2017 17:25:07,0.00390409
09/26/2017 17:25:23,0.00390357
09/26/2017 17:25:40,0.00390357
09/26/2017 17:25:55,0.00390357
09/26/2017 17:26:11,0.00390357
09/26/2017 17:26:26,0.00390277
09/26/2017 17:26:42,0.00390357
09/26/2017 17:26:58,0.00390277
09/26/2017 17:27:14,0.00390277
09/26/2017 17:27:30,0.00390357
09/26/2017 17:27:46,0.00390357
09/26/2017 17:28:01,0.00390357
09/26/2017 17:28:17,0.00390357
09/26/2017 17:28:33,0.00390357
09/26/2017 17:28:49,0.00390384
09/26/2017 17:29:05,0.00390377
09/26/2017 17:29:20,0.00390384
09/26/2017 17:29:36,0.00390377
09/26/2017 17:29:52,0.00390111
09/26/2017 17:30:08,0.0039032
09/26/2017 17:30:24,0.0039032
09/26/2017 17:30:40,0.00390377
09/26/2017 17:30:56,0.0039032
09/26/2017 17:31:12,0.0039032
09/26/2017 17:31:27,0.00390372
09/26/2017 17:31:43,0.00390372
09/26/2017 17:31:59,0.00390372
09/26/2017 17:32:15,0.00390372
09/26/2017 17:32:31,0.00390442
09/26/2017 17:32:47,0.00390372
09/26/2017 17:35:13,0.00390442
09/26/2017 17:35:29,0.00390442
09/26/2017 17:35:45,0.00390188
09/26/2017 17:36:00,0.00390188
09/26/2017 17:36:16,0.00390188
09/26/2017 17:36:33,0.00390372
09/26/2017 17:36:48,0.00390007
09/26/2017 17:37:04,0.00390007
09/26/2017 17:37:20,0.00390188
09/26/2017 17:37:36,0.00389901
09/26/2017 17:37:52,0.00390007
09/26/2017 17:38:07,0.00389833
09/26/2017 17:38:23,0.00389901
09/26/2017 17:38:39,0.00389833
09/26/2017 17:38:55,0.00389833
09/26/2017 17:39:11,0.00390007
09/26/2017 17:39:27,0.00389845
09/26/2017 17:39:43,0.00389845
09/26/2017 17:39:59,0.00389845
09/26/2017 17:40:15,0.00389845
09/26/2017 17:40:31,0.00389704
09/26/2017 17:40:46,0.00389833
09/26/2017 17:41:02,0.00389704
09/26/2017 17:41:18,0.0038966
09/26/2017 17:41:34,0.0038966
09/26/2017 17:41:50,0.0038966
09/26/2017 17:42:05,0.00389621
09/26/2017 17:42:22,0.00389621
09/26/2017 17:42:37,0.0038966
09/26/2017 17:42:53,0.00389621
09/26/2017 17:43:09,0.00389733
09/26/2017 17:43:24,0.00389733
09/26/2017 17:43:40,0.00389733
09/26/2017 17:43:56,0.00389733
09/26/2017 17:44:12,0.00389596
09/26/2017 17:44:27,0.00389596
09/26/2017 17:44:43,0.00389596
09/26/2017 17:44:59,0.00389497
09/26/2017 17:45:14,0.00389704
09/26/2017 17:45:30,0.00389497
09/26/2017 17:45:46,0.00389596
09/26/2017 17:46:02,0.0038961
09/26/2017 17:46:17,0.0038961
09/26/2017 17:46:33,0.00389497
09/26/2017 17:46:50,0.0038961
09/26/2017 17:47:05,0.00389734
09/26/2017 17:47:21,0.00389734
09/26/2017 17:47:37,0.00389734
09/26/2017 17:47:53,0.00389497
09/26/2017 17:48:09,0.00389594
09/26/2017 17:48:25,0.00389594
09/26/2017 17:48:41,0.00389594
09/26/2017 17:48:56,0.0038961
09/26/2017 17:49:12,0.00389594
09/26/2017 17:49:28,0.00389734
09/26/2017 17:49:44,0.00389802
09/26/2017 17:50:00,0.00389802
09/26/2017 17:50:15,0.00389802
09/26/2017 17:50:31,0.00389802
09/26/2017 17:50:47,0.0038996
09/26/2017 17:51:02,0.0038996
09/26/2017 17:51:18,0.0038996
09/26/2017 17:51:34,0.0038996
09/26/2017 17:51:50,0.0038996
09/26/2017 17:52:06,0.00390246
09/26/2017 17:52:22,0.00390246
09/26/2017 17:52:38,0.00390246
09/26/2017 17:52:54,0.00390208
09/26/2017 17:53:10,0.00390208
09/26/2017 17:53:25,0.00390208
09/26/2017 17:53:41,0.0038996
09/26/2017 17:53:57,0.00390208
09/26/2017 17:54:13,0.00390142
09/26/2017 17:54:29,0.00390142
09/26/2017 17:54:45,0.00390208
09/26/2017 17:55:01,0.00390089
09/26/2017 17:55:16,0.00390142
09/26/2017 17:55:32,0.00390089
09/26/2017 17:55:48,0.00390089
09/26/2017 17:56:03,0.00390081
09/26/2017 17:56:19,0.00390089
09/26/2017 17:56:35,0.00390081
09/26/2017 17:56:51,0.00390081
09/26/2017 17:57:06,0.00390142
09/26/2017 17:57:23,0.00390081
09/26/2017 17:57:38,0.00390056
09/26/2017 17:57:54,0.00390056
09/26/2017 17:58:10,0.00390081
09/26/2017 17:58:26,0.00390056
09/26/2017 17:58:42,0.00390056
09/26/2017 17:58:57,0.00390326
09/26/2017 17:59:13,0.00390306
09/26/2017 17:59:29,0.00390326
09/26/2017 17:59:45,0.00390326
09/26/2017 18:00:01,0.00390306
09/26/2017 18:00:16,0.00390326
09/26/2017 18:00:33,0.0039051
09/26/2017 18:00:48,0.0039051
09/26/2017 18:01:05,0.0039051
09/26/2017 18:01:21,0.0039051
09/26/2017 18:01:36,0.00390842
09/26/2017 18:01:52,0.0039051
09/26/2017 18:02:08,0.00390326
09/26/2017 18:02:24,0.00390842
09/26/2017 18:02:40,0.00391072
09/26/2017 18:02:56,0.00391072
09/26/2017 18:03:12,0.00391025
09/26/2017 18:03:28,0.00391025
09/26/2017 18:03:43,0.00391025
09/26/2017 18:03:59,0.00391072
09/26/2017 18:04:15,0.00391025
09/26/2017 18:04:31,0.00391017
09/26/2017 18:04:46,0.00391017
09/26/2017 18:05:02,0.00391017
09/26/2017 18:05:18,0.00391017
09/26/2017 18:05:33,0.00391017
09/26/2017 18:05:49,0.00390947
09/26/2017 18:06:05,0.00390947
09/26/2017 18:06:21,0.00390975
09/26/2017 18:06:37,0.00390947
09/26/2017 18:06:52,0.00390947
09/26/2017 18:07:08,0.00390947
09/26/2017 18:07:24,0.00391072
09/26/2017 18:07:40,0.0039093
09/26/2017 18:07:56,0.00390947
09/26/2017 18:08:12,0.00390877
09/26/2017 18:08:28,0.0039093
09/26/2017 18:08:44,0.0039093
09/26/2017 18:09:00,0.00390877
09/26/2017 18:09:15,0.00390884
09/26/2017 18:09:32,0.00390877
09/26/2017 18:09:47,0.00390812
09/26/2017 18:10:03,0.00390812
09/26/2017 18:10:19,0.00390884
09/26/2017 18:10:34,0.00390812
09/26/2017 18:10:50,0.00390884
09/26/2017 18:11:06,0.00390609
09/26/2017 18:11:22,0.00390609
09/26/2017 18:11:38,0.00390609
09/26/2017 18:11:54,0.00390812
09/26/2017 18:12:10,0.00390307
09/26/2017 18:12:26,0.00390307
09/26/2017 18:12:42,0.00390609
09/26/2017 18:12:58,0.00390307
09/26/2017 18:13:14,0.00390307
09/26/2017 18:13:29,0.00390189
09/26/2017 18:13:45,0.00390189
09/26/2017 18:14:01,0.00390189
09/26/2017 18:14:17,0.00390189
09/26/2017 18:14:33,0.00390189
09/26/2017 18:14:48,0.0039016
09/26/2017 18:15:07,0.00390189
09/26/2017 18:15:23,0.0039015
09/26/2017 18:15:38,0.0039015
09/26/2017 18:15:54,0.0039015
09/26/2017 18:16:10,0.0039016
09/26/2017 18:16:26,0.0039015
09/26/2017 18:16:42,0.00389999
09/26/2017 18:16:57,0.00389999
09/26/2017 18:17:15,0.00389999
09/26/2017 18:17:31,0.00389999
09/26/2017 18:17:46,0.0039037
09/26/2017 18:18:03,0.00389999
09/26/2017 18:18:18,0.0039037
09/26/2017 18:18:35,0.0039037
09/26/2017 18:18:51,0.0039057
09/26/2017 18:19:08,0.00390928
09/26/2017 18:19:24,0.0039037
09/26/2017 18:19:40,0.00390928
09/26/2017 18:19:56,0.00390928
09/26/2017 18:20:12,0.00390928
09/26/2017 18:20:28,0.00390928
09/26/2017 18:20:44,0.00391095
09/26/2017 18:21:00,0.00391095
09/26/2017 18:21:16,0.00391002
09/26/2017 18:21:32,0.0039057
09/26/2017 18:21:48,0.00391002
09/26/2017 18:22:04,0.00391002
09/26/2017 18:22:20,0.00391095
09/26/2017 18:22:36,0.0039124
09/26/2017 18:22:52,0.0039124
09/26/2017 18:23:08,0.0039124
09/26/2017 18:23:24,0.0039124
09/26/2017 18:23:39,0.00391002
09/26/2017 18:23:55,0.0039124
09/26/2017 18:24:11,0.003913
09/26/2017 18:24:27,0.00391468
09/26/2017 18:24:43,0.00391468
09/26/2017 18:24:59,0.00391456
09/26/2017 18:25:14,0.003913
09/26/2017 18:25:30,0.00391468
09/26/2017 18:25:46,0.00391456
09/26/2017 18:26:03,0.00391456
09/26/2017 18:26:18,0.00391456
09/26/2017 18:26:35,0.00391456
09/26/2017 18:26:51,0.00391362
09/26/2017 18:27:06,0.00391362
09/26/2017 18:27:24,0.00391362
09/26/2017 18:27:39,0.00391362
09/26/2017 18:27:55,0.00391179
09/26/2017 18:28:11,0.00391179
09/26/2017 18:28:27,0.00391417
09/26/2017 18:28:43,0.00391456
09/26/2017 18:28:58,0.00391179
09/26/2017 18:29:15,0.00391139
09/26/2017 18:29:30,0.00391179
09/26/2017 18:29:46,0.00391139
09/26/2017 18:30:02,0.00391139
09/26/2017 18:30:18,0.00391139
09/26/2017 18:30:34,0.00391139
09/26/2017 18:30:49,0.00391139
09/26/2017 18:31:05,0.00391124
09/26/2017 18:31:21,0.00391187
09/26/2017 18:31:36,0.00391187
09/26/2017 18:31:52,0.00391187
09/26/2017 18:32:08,0.00391124
09/26/2017 18:32:24,0.00391271
09/26/2017 18:32:40,0.00391271
09/26/2017 18:32:56,0.00391271
09/26/2017 18:33:12,0.00391271
09/26/2017 18:33:27,0.00391271
09/26/2017 18:33:43,0.00391187
09/26/2017 18:33:59,0.0039128
09/26/2017 18:34:15,0.00391303
09/26/2017 18:34:31,0.0039128
09/26/2017 18:34:46,0.00391303
09/26/2017 18:35:02,0.0039128
09/26/2017 18:35:18,0.00391303
09/26/2017 18:35:34,0.00391303
09/26/2017 18:35:49,0.00391302
09/26/2017 18:36:05,0.00391302
09/26/2017 18:36:21,0.00391303
09/26/2017 18:36:37,0.00391402
09/26/2017 18:36:52,0.00391402
09/26/2017 18:37:08,0.00391556
09/26/2017 18:37:24,0.00391556
09/26/2017 18:37:40,0.00391402
09/26/2017 18:37:55,0.0039157
09/26/2017 18:38:11,0.00391402
09/26/2017 18:38:27,0.00391556
09/26/2017 18:38:43,0.0039157
09/26/2017 18:38:58,0.0039157
09/26/2017 18:39:14,0.0039157
09/26/2017 18:39:29,0.00391575
09/26/2017 18:39:45,0.00391575
09/26/2017 18:40:01,0.0039157
09/26/2017 18:40:16,0.00391575
09/26/2017 18:40:32,0.0039157
09/26/2017 18:40:48,0.00391391
09/26/2017 18:41:04,0.00391391
09/26/2017 18:41:19,0.00391391
09/26/2017 18:41:36,0.00391391
09/26/2017 18:41:52,0.00391382
09/26/2017 18:42:07,0.00391382
09/26/2017 18:42:23,0.00391402
09/26/2017 18:42:39,0.00391402
09/26/2017 18:42:55,0.00391382
09/26/2017 18:43:10,0.00391433
09/26/2017 18:43:26,0.00391391
09/26/2017 18:43:41,0.00391433
09/26/2017 18:43:57,0.00391433
09/26/2017 18:44:13,0.00391495
09/26/2017 18:44:29,0.00391433
09/26/2017 18:44:44,0.00391433
09/26/2017 18:45:00,0.00391495
09/26/2017 18:45:15,0.00391495
09/26/2017 18:45:31,0.00391577
09/26/2017 18:45:47,0.00391577
09/26/2017 18:46:03,0.00391495
09/26/2017 18:46:18,0.00391639
09/26/2017 18:46:34,0.00391577
09/26/2017 18:46:50,0.00391639
09/26/2017 18:47:06,0.0039184
09/26/2017 18:47:21,0.00391639
09/26/2017 18:47:37,0.0039184
09/26/2017 18:47:53,0.0039184
09/26/2017 18:48:08,0.0039184
09/26/2017 18:48:24,0.0039184
09/26/2017 18:48:40,0.00391913
09/26/2017 18:48:56,0.00391913
09/26/2017 18:49:11,0.00391913
09/26/2017 18:49:27,0.0039184
09/26/2017 18:49:43,0.00391635
09/26/2017 18:49:59,0.00391635
09/26/2017 18:50:15,0.00391913
09/26/2017 18:50:30,0.00391513
09/26/2017 18:50:47,0.00391513
09/26/2017 18:51:02,0.00391635
09/26/2017 18:51:18,0.00391647
09/26/2017 18:51:34,0.00391513
09/26/2017 18:51:50,0.00391513
09/26/2017 18:52:06,0.00391647
09/26/2017 18:52:21,0.00391513
09/26/2017 18:52:37,0.00391513
09/26/2017 18:52:53,0.00391513
09/26/2017 18:53:09,0.00391513
09/26/2017 18:53:24,0.00391419
09/26/2017 18:53:40,0.00391419
09/26/2017 18:53:56,0.00391513
09/26/2017 18:54:11,0.00391408
09/26/2017 18:54:27,0.00391419
09/26/2017 18:54:43,0.00391408
09/26/2017 18:54:59,0.00391419
09/26/2017 18:55:15,0.00391408
09/26/2017 18:55:30,0.00391334
09/26/2017 18:55:46,0.00391334
09/26/2017 18:56:02,0.00391408
09/26/2017 18:56:17,0.00391334
09/26/2017 18:56:33,0.00391243
09/26/2017 18:56:49,0.00391408
09/26/2017 18:57:05,0.00390688
09/26/2017 18:57:20,0.00391243
09/26/2017 18:57:36,0.00390688
09/26/2017 18:57:52,0.00390688
09/26/2017 18:58:08,0.00390688
09/26/2017 18:58:24,0.00391243
09/26/2017 18:58:39,0.00390688
09/26/2017 18:58:55,0.0039063
09/26/2017 18:59:11,0.00390688
09/26/2017 18:59:26,0.00390778
09/26/2017 18:59:43,0.0039063
09/26/2017 18:59:58,0.0039063
09/26/2017 19:00:15,0.0039063
09/26/2017 19:00:30,0.0039063
09/26/2017 19:00:46,0.0039063
09/26/2017 19:01:02,0.00390773
09/26/2017 19:01:18,0.00390852
09/26/2017 19:01:34,0.00390852
09/26/2017 19:01:50,0.00390852
09/26/2017 19:02:05,0.0039063
09/26/2017 19:02:21,0.00390773
09/26/2017 19:02:37,0.00390569
09/26/2017 19:02:52,0.00390569
09/26/2017 19:03:08,0.00390569
09/26/2017 19:03:24,0.00390315
09/26/2017 19:03:40,0.00390569
09/26/2017 19:03:55,0.00390315
09/26/2017 19:04:11,0.00390097
09/26/2017 19:04:27,0.00390315
09/26/2017 19:04:43,0.00390569
09/26/2017 19:04:59,0.0039015
09/26/2017 19:05:15,0.00390097
09/26/2017 19:05:30,0.0039015
09/26/2017 19:05:47,0.0039015
09/26/2017 19:06:02,0.0039015
09/26/2017 19:06:18,0.00390097
09/26/2017 19:06:34,0.00390171
09/26/2017 19:06:49,0.00390171
09/26/2017 19:07:05,0.0039015
09/26/2017 19:07:21,0.00390162
09/26/2017 19:07:36,0.00390171
09/26/2017 19:07:52,0.00390227
09/26/2017 19:08:08,0.00390227
09/26/2017 19:08:24,0.00390162
09/26/2017 19:08:40,0.00390227
09/26/2017 19:08:56,0.00390171
09/26/2017 19:09:11,0.00390227
09/26/2017 19:09:27,0.00390291
09/26/2017 19:09:43,0.00390291
09/26/2017 19:09:59,0.00390291
09/26/2017 19:10:15,0.0039028
09/26/2017 19:10:30,0.0039028
09/26/2017 19:10:46,0.0039028
09/26/2017 19:11:02,0.0039028
09/26/2017 19:11:18,0.00390292
09/26/2017 19:11:34,0.00390292
09/26/2017 19:11:50,0.00390227
09/26/2017 19:12:06,0.00390292
09/26/2017 19:12:22,0.00390629
09/26/2017 19:12:37,0.00390629
09/26/2017 19:12:54,0.00390629
09/26/2017 19:13:09,0.00390629
09/26/2017 19:13:25,0.00390644
09/26/2017 19:13:47,0.00390292
09/26/2017 19:14:03,0.00390644
09/26/2017 19:14:18,0.00390692
09/26/2017 19:14:35,0.00390692
09/26/2017 19:14:50,0.00390644
09/26/2017 19:15:06,0.00390692
09/26/2017 19:15:22,0.0039056
09/26/2017 19:15:37,0.0039056
09/26/2017 19:15:53,0.0039056
09/26/2017 19:16:09,0.0039056
09/26/2017 19:16:25,0.00390644
09/26/2017 19:16:41,0.00390467
09/26/2017 19:16:56,0.0039056
09/26/2017 19:17:12,0.00390467
09/26/2017 19:17:28,0.00390467
09/26/2017 19:17:44,0.00390478
09/26/2017 19:17:59,0.00390478
09/26/2017 19:18:15,0.00390478
09/26/2017 19:18:31,0.00390467
09/26/2017 19:18:47,0.00390437
09/26/2017 19:19:03,0.00390437
09/26/2017 19:19:18,0.00390478
09/26/2017 19:19:34,0.00390435
09/26/2017 19:19:50,0.00390437
09/26/2017 19:20:06,0.00390345
09/26/2017 19:20:21,0.00390345
09/26/2017 19:20:38,0.00390345
09/26/2017 19:20:54,0.00390345
09/26/2017 19:21:09,0.00390437
09/26/2017 19:21:25,0.00390345
09/26/2017 19:21:41,0.00390168
09/26/2017 19:21:57,0.00390168
09/26/2017 19:22:12,0.00390168
09/26/2017 19:22:28,0.00390168
09/26/2017 19:22:44,0.00390168
09/26/2017 19:23:00,0.00390168
09/26/2017 19:23:16,0.00390222
09/26/2017 19:23:32,0.00390222
09/26/2017 19:23:47,0.00390222
09/26/2017 19:24:03,0.00390224
09/26/2017 19:24:19,0.00390222
09/26/2017 19:24:35,0.00390224
09/26/2017 19:24:50,0.00390258
09/26/2017 19:25:06,0.00390364
09/26/2017 19:25:22,0.00390224
09/26/2017 19:25:38,0.00390364
09/26/2017 19:25:54,0.00390364
09/26/2017 19:26:09,0.00390364
09/26/2017 19:26:25,0.00390364
09/26/2017 19:26:41,0.00390527
09/26/2017 19:26:57,0.00390224
09/26/2017 19:27:12,0.00390364
09/26/2017 19:27:28,0.0039106
09/26/2017 19:27:44,0.0039106
09/26/2017 19:28:00,0.00390527
09/26/2017 19:28:16,0.00391629
09/26/2017 19:28:32,0.0039106
09/26/2017 19:28:48,0.0039106
09/26/2017 19:29:04,0.00391723
09/26/2017 19:29:19,0.00391723
09/26/2017 19:29:35,0.00391723
09/26/2017 19:29:51,0.00391629
09/26/2017 19:30:07,0.00391723
09/26/2017 19:30:22,0.00392317
09/26/2017 19:30:38,0.00392317
09/26/2017 19:30:54,0.00392317
09/26/2017 19:31:10,0.00391723
09/26/2017 19:31:25,0.00392317
09/26/2017 19:31:41,0.00392335
09/26/2017 19:31:57,0.00392317
09/26/2017 19:32:13,0.00392335
09/26/2017 19:32:28,0.00392335
09/26/2017 19:32:44,0.00392335
09/26/2017 19:33:00,0.00391398
09/26/2017 19:33:16,0.00391472
09/26/2017 19:33:32,0.00391398
09/26/2017 19:33:48,0.00391472
09/26/2017 19:34:04,0.00391398
09/26/2017 19:34:20,0.0039135
09/26/2017 19:34:36,0.0039135
09/26/2017 19:34:51,0.00391398
09/26/2017 19:35:07,0.0039135
09/26/2017 19:35:23,0.0039135
09/26/2017 19:35:38,0.00391484
09/26/2017 19:35:54,0.00391484
09/26/2017 19:36:10,0.00391484
09/26/2017 19:36:26,0.00391484
09/26/2017 19:36:42,0.00391484
09/26/2017 19:36:57,0.00391484
09/26/2017 19:37:13,0.00391318
09/26/2017 19:37:29,0.00391484
09/26/2017 19:37:45,0.00391484
09/26/2017 19:38:01,0.00391318
09/26/2017 19:38:17,0.00391069
09/26/2017 19:38:32,0.00391318
09/26/2017 19:38:48,0.00391069
09/26/2017 19:39:04,0.00391024
09/26/2017 19:39:19,0.00391069
09/26/2017 19:39:35,0.00391024
09/26/2017 19:39:51,0.00391069
09/26/2017 19:40:06,0.00391024
09/26/2017 19:40:22,0.00391069
09/26/2017 19:40:38,0.00390737
09/26/2017 19:40:54,0.00390737
09/26/2017 19:41:10,0.00390737
09/26/2017 19:41:26,0.00390737
09/26/2017 19:41:42,0.00390608
09/26/2017 19:41:57,0.00390608
09/26/2017 19:42:13,0.00390737
09/26/2017 19:42:29,0.00390974
09/26/2017 19:42:45,0.00390974
09/26/2017 19:43:01,0.00390608
09/26/2017 19:43:17,0.00390608
09/26/2017 19:43:32,0.00390974
09/26/2017 19:43:48,0.00390914
09/26/2017 19:44:04,0.00390914
09/26/2017 19:44:20,0.00390914
09/26/2017 19:44:36,0.00390914
09/26/2017 19:44:51,0.00390716
09/26/2017 19:45:07,0.00390914
09/26/2017 19:45:23,0.00390716
09/26/2017 19:45:39,0.00390914
09/26/2017 19:45:54,0.00390716
09/26/2017 19:46:10,0.00390637
09/26/2017 19:46:26,0.00390637
09/26/2017 19:46:41,0.00390716
09/26/2017 19:46:57,0.00390637
09/26/2017 19:47:13,0.00390569
09/26/2017 19:47:29,0.00390569
09/26/2017 19:47:45,0.00390637
09/26/2017 19:48:01,0.00390569
09/26/2017 19:48:17,0.00390553
09/26/2017 19:48:32,0.00390569
09/26/2017 19:48:48,0.00390553
09/26/2017 19:49:04,0.00390553
09/26/2017 19:49:19,0.00390553
09/26/2017 19:49:36,0.00390553
09/26/2017 19:49:51,0.00390553
09/26/2017 19:50:07,0.00390587
09/26/2017 19:50:23,0.00390553
09/26/2017 19:50:39,0.00390587
09/26/2017 19:50:55,0.00390587
09/26/2017 19:51:10,0.00390587
09/26/2017 19:51:27,0.0039059
09/26/2017 19:51:43,0.00390587
09/26/2017 19:51:58,0.0039059
09/26/2017 19:52:14,0.00390563
09/26/2017 19:52:30,0.00390563
09/26/2017 19:52:46,0.0039059
09/26/2017 19:53:02,0.00390563
09/26/2017 19:53:18,0.00390563
09/26/2017 19:53:33,0.00390765
09/26/2017 19:53:49,0.00390765
09/26/2017 19:54:06,0.00390765
09/26/2017 19:54:21,0.00390765
09/26/2017 19:54:37,0.00390765
09/26/2017 19:54:53,0.0039111
09/26/2017 19:55:09,0.00390995
09/26/2017 19:55:25,0.00390995
09/26/2017 19:55:40,0.00390995
09/26/2017 19:55:56,0.00390995
09/26/2017 19:56:12,0.0039111
09/26/2017 19:56:27,0.00391
09/26/2017 19:56:43,0.00391
09/26/2017 19:56:59,0.00390995
09/26/2017 19:57:15,0.00390941
09/26/2017 19:57:30,0.00390941
09/26/2017 19:57:46,0.00391
09/26/2017 19:58:02,0.00391
09/26/2017 19:58:18,0.00390941
09/26/2017 19:58:34,0.00390948
09/26/2017 19:58:50,0.00390948
09/26/2017 19:59:06,0.00390948
09/26/2017 19:59:22,0.00390948
09/26/2017 19:59:37,0.00390976
09/26/2017 19:59:53,0.00390976
09/26/2017 20:00:09,0.00390976
09/26/2017 20:00:25,0.00390976
09/26/2017 20:00:41,0.00390948
09/26/2017 20:00:57,0.00391015
09/26/2017 20:01:12,0.00391015
09/26/2017 20:01:28,0.00390957
09/26/2017 20:01:44,0.00390957
09/26/2017 20:02:00,0.00391015
09/26/2017 20:02:16,0.00390957
09/26/2017 20:02:31,0.0039068
09/26/2017 20:02:47,0.0039068
09/26/2017 20:03:03,0.0039068
09/26/2017 20:03:19,0.0039068
09/26/2017 20:03:35,0.00390682
09/26/2017 20:03:51,0.0039068
09/26/2017 20:04:07,0.00390682
09/26/2017 20:04:22,0.00390837
09/26/2017 20:04:38,0.00390837
09/26/2017 20:04:54,0.00390837
09/26/2017 20:05:09,0.00390682
09/26/2017 20:05:26,0.00391093
09/26/2017 20:05:41,0.00390837
09/26/2017 20:05:57,0.00391176
09/26/2017 20:06:13,0.00391176
09/26/2017 20:06:29,0.00391093
09/26/2017 20:06:45,0.00391176
09/26/2017 20:07:00,0.00391176
09/26/2017 20:07:16,0.00391176
09/26/2017 20:07:32,0.00391093
09/26/2017 20:07:48,0.0039116
09/26/2017 20:08:03,0.0039116
09/26/2017 20:08:19,0.0039116
09/26/2017 20:08:35,0.00391176
09/26/2017 20:08:51,0.0039116
09/26/2017 20:09:07,0.00391166
09/26/2017 20:09:23,0.0039116
09/26/2017 20:09:38,0.00391166
09/26/2017 20:09:54,0.00391213
09/26/2017 20:10:10,0.00391213
09/26/2017 20:10:26,0.00391166
09/26/2017 20:10:42,0.00391213
09/26/2017 20:10:57,0.00391213
09/26/2017 20:11:13,0.00391295
09/26/2017 20:11:29,0.00391166
09/26/2017 20:11:45,0.00391295
09/26/2017 20:12:00,0.00391295
09/26/2017 20:12:16,0.00391213
09/26/2017 20:12:32,0.00391449
09/26/2017 20:12:48,0.00391449
09/26/2017 20:13:03,0.00391449
09/26/2017 20:13:19,0.00391449
09/26/2017 20:13:35,0.00391449
09/26/2017 20:13:51,0.00391295
09/26/2017 20:14:07,0.00391473
09/26/2017 20:14:22,0.00391497
09/26/2017 20:14:38,0.00391497
09/26/2017 20:14:54,0.00391473
09/26/2017 20:15:10,0.00391497
09/26/2017 20:15:26,0.00391521
09/26/2017 20:15:41,0.00391521
09/26/2017 20:15:57,0.00391473
09/26/2017 20:16:13,0.00391521
09/26/2017 20:16:28,0.00391311
09/26/2017 20:16:45,0.00391311
09/26/2017 20:17:00,0.00391311
09/26/2017 20:17:16,0.00391311
09/26/2017 20:17:32,0.00391521
09/26/2017 20:17:47,0.00391354
09/26/2017 20:18:03,0.00391311
09/26/2017 20:18:19,0.00391354
09/26/2017 20:18:35,0.00391325
09/26/2017 20:18:51,0.00391354
09/26/2017 20:19:07,0.00391322
09/26/2017 20:19:23,0.00391322
09/26/2017 20:19:39,0.00391354
09/26/2017 20:19:54,0.00391322
09/26/2017 20:20:10,0.00391354
09/26/2017 20:20:26,0.00391304
09/26/2017 20:20:42,0.00391304
09/26/2017 20:20:58,0.00391304
09/26/2017 20:21:13,0.00391304
09/26/2017 20:21:29,0.00391283
09/26/2017 20:21:45,0.00391283
09/26/2017 20:22:01,0.00391283
09/26/2017 20:22:17,0.00391238
09/26/2017 20:22:33,0.00391304
09/26/2017 20:22:49,0.00391217
09/26/2017 20:23:04,0.00391283
09/26/2017 20:23:20,0.00391217
09/26/2017 20:23:36,0.00391238
09/26/2017 20:23:52,0.00391217
09/26/2017 20:24:09,0.00391217
09/26/2017 20:24:24,0.00391361
09/26/2017 20:24:40,0.00391361
09/26/2017 20:24:56,0.00391361
09/26/2017 20:25:12,0.00391399
09/26/2017 20:25:28,0.00391361
09/26/2017 20:25:44,0.00391361
09/26/2017 20:26:00,0.00391431
09/26/2017 20:26:16,0.00391399
09/26/2017 20:26:31,0.00391399
09/26/2017 20:26:47,0.00391431
09/26/2017 20:27:03,0.00391548
09/26/2017 20:27:18,0.00391431
09/26/2017 20:27:34,0.00391548
09/26/2017 20:27:50,0.00391548
09/26/2017 20:28:06,0.00391548
09/26/2017 20:28:22,0.00391548
09/26/2017 20:28:37,0.00391548
09/26/2017 20:28:53,0.00391635
09/26/2017 20:29:09,0.00391635
09/26/2017 20:29:25,0.00391635
09/26/2017 20:29:41,0.00391659
09/26/2017 20:29:57,0.00391659
09/26/2017 20:30:13,0.00391659
09/26/2017 20:30:29,0.00391659
09/26/2017 20:30:45,0.00391627
09/26/2017 20:31:00,0.00391627
09/26/2017 20:31:16,0.00391627
09/26/2017 20:31:32,0.00391659
09/26/2017 20:31:48,0.00391767
09/26/2017 20:32:03,0.00391659
09/26/2017 20:32:19,0.00391627
09/26/2017 20:32:35,0.00391767
09/26/2017 20:32:51,0.00391956
09/26/2017 20:33:06,0.00392095
09/26/2017 20:33:22,0.00392095
09/26/2017 20:33:38,0.00392095
09/26/2017 20:33:54,0.00391956
09/26/2017 20:34:09,0.00391954
09/26/2017 20:34:25,0.00391954
09/26/2017 20:34:41,0.00391956
09/26/2017 20:34:57,0.00391954
09/26/2017 20:35:13,0.00391651
09/26/2017 20:35:28,0.00391954
09/26/2017 20:35:44,0.00391651
09/26/2017 20:36:00,0.00391651
09/26/2017 20:36:16,0.00391651
09/26/2017 20:36:32,0.00391651
09/26/2017 20:36:47,0.00391788
09/26/2017 20:37:03,0.00391788
09/26/2017 20:37:19,0.00391788
09/26/2017 20:37:35,0.00391788
09/26/2017 20:37:51,0.00391589
09/26/2017 20:38:08,0.00391589
09/26/2017 20:38:24,0.00391788
09/26/2017 20:38:40,0.00391833
09/26/2017 20:38:56,0.00391589
09/26/2017 20:39:11,0.00391589
09/26/2017 20:39:27,0.00391511
09/26/2017 20:39:43,0.00391589
09/26/2017 20:39:59,0.00391512
09/26/2017 20:40:15,0.00391511
09/26/2017 20:40:31,0.00391512
09/26/2017 20:40:47,0.00391511
09/26/2017 20:41:02,0.00391512
09/27/2017 03:10:58,0.00391262
09/27/2017 03:11:14,0.00391262
09/27/2017 03:11:30,0.00391262
09/27/2017 03:11:45,0.00391244
09/27/2017 03:12:01,0.00391262
09/27/2017 03:12:17,0.00391244
09/27/2017 03:12:33,0.00391244
09/27/2017 03:12:49,0.00391244
09/27/2017 03:13:04,0.00391262
09/27/2017 03:13:20,0.00391244
09/27/2017 03:13:37,0.00391244
09/27/2017 03:13:52,0.00391146
09/27/2017 03:14:08,0.00391146
09/27/2017 03:14:24,0.00391146
09/27/2017 03:14:40,0.00391078
09/27/2017 03:14:56,0.00391078
09/27/2017 03:15:12,0.00391078
09/27/2017 03:15:27,0.00391078
09/27/2017 03:15:43,0.00390939
09/27/2017 03:15:59,0.00390939
09/27/2017 03:16:16,0.00390939
09/27/2017 03:16:31,0.00390882
09/27/2017 03:16:47,0.00391078
09/27/2017 03:17:03,0.00390939
09/27/2017 03:17:19,0.00390446
09/27/2017 03:17:35,0.00390446
09/27/2017 03:17:50,0.00390446
09/27/2017 03:18:06,0.00390446
09/27/2017 03:18:22,0.00390293
09/27/2017 03:18:38,0.00390293
09/27/2017 03:18:53,0.00390293
09/27/2017 03:19:09,0.00390293
09/27/2017 03:19:25,0.00390002
09/27/2017 03:19:40,0.00390002
09/27/2017 03:19:56,0.00390293
09/27/2017 03:20:12,0.00390882
09/27/2017 03:20:28,0.00390002
09/27/2017 03:20:43,0.00390231
09/27/2017 03:21:00,0.00390231
09/27/2017 03:21:16,0.00390521
09/27/2017 03:21:31,0.00390231
09/27/2017 03:21:48,0.00390521
09/27/2017 03:22:03,0.00390521
09/27/2017 03:22:19,0.00390521
09/27/2017 03:22:35,0.00390712
09/27/2017 03:22:50,0.00390231
09/27/2017 03:23:06,0.00390519
09/27/2017 03:23:22,0.00390712
09/27/2017 03:23:38,0.00390521
09/27/2017 03:23:54,0.00390519
09/27/2017 03:24:09,0.00390519
09/27/2017 03:24:25,0.00390234
09/27/2017 03:24:41,0.00390234
09/27/2017 03:24:57,0.00390519
09/27/2017 03:25:12,0.00390234
09/27/2017 03:25:28,0.00390079
09/27/2017 03:25:44,0.00390234
09/27/2017 03:26:00,0.00390079
09/27/2017 03:26:16,0.00389735
09/27/2017 03:26:32,0.00390079
09/27/2017 03:26:48,0.00389735
09/27/2017 03:27:04,0.00390079
09/27/2017 03:27:20,0.00389444
09/27/2017 03:27:36,0.00389444
09/27/2017 03:27:52,0.00389444
09/27/2017 03:28:08,0.00389444
09/27/2017 03:28:23,0.00388136
09/27/2017 03:28:39,0.00389444
09/27/2017 03:28:55,0.00387872
09/27/2017 03:29:11,0.00387872
09/27/2017 03:29:27,0.00388136
09/27/2017 03:29:43,0.00387872
09/27/2017 03:29:58,0.00387872
09/27/2017 03:30:14,0.00387872
09/27/2017 03:30:30,0.00388136
09/27/2017 03:30:45,0.00387592
09/27/2017 03:31:01,0.00387872
09/27/2017 03:31:17,0.00387872
09/27/2017 03:31:33,0.00387444
09/27/2017 03:31:50,0.00387444
09/27/2017 03:32:05,0.00387444
09/27/2017 03:32:21,0.00387444
09/27/2017 03:32:38,0.00387592
09/27/2017 03:32:53,0.00387354
09/27/2017 03:33:09,0.00387354
09/27/2017 03:33:25,0.00387252
09/27/2017 03:33:40,0.00387252
09/27/2017 03:33:57,0.00387252
09/27/2017 03:34:13,0.003872
09/27/2017 03:34:28,0.00387252
09/27/2017 03:34:44,0.003872
09/27/2017 03:35:00,0.003872
09/27/2017 03:35:16,0.00387241
09/27/2017 03:35:31,0.003872
09/27/2017 03:35:48,0.00387354
09/27/2017 03:36:04,0.00387263
09/27/2017 03:36:19,0.00387263
09/27/2017 03:36:35,0.00387263
09/27/2017 03:36:51,0.00387464
09/27/2017 03:37:07,0.00387241
09/27/2017 03:37:23,0.00387464
09/27/2017 03:37:39,0.00387263
09/27/2017 03:37:54,0.00387746
09/27/2017 03:38:10,0.00387464
09/27/2017 03:38:26,0.00387464
09/27/2017 03:38:42,0.00387746
09/27/2017 03:38:57,0.00387746
09/27/2017 03:39:13,0.00387746
09/27/2017 03:39:29,0.00387746
09/27/2017 03:39:44,0.00387746
09/27/2017 03:40:00,0.00387909
09/27/2017 03:40:16,0.00387909
09/27/2017 03:40:32,0.00387746
09/27/2017 03:40:48,0.00387909
09/27/2017 03:41:04,0.0038794
09/27/2017 03:41:19,0.00387891
09/27/2017 03:41:35,0.0038794
09/27/2017 03:41:51,0.0038794
09/27/2017 03:42:07,0.0038794
09/27/2017 03:42:23,0.0038794
09/27/2017 03:42:39,0.00388151
09/27/2017 03:42:55,0.0038794
09/27/2017 03:43:11,0.00388151
09/27/2017 03:43:27,0.0038794
09/27/2017 03:43:43,0.00388151
09/27/2017 03:43:58,0.00388706
09/27/2017 03:44:14,0.00388513
09/27/2017 03:44:30,0.00388513
09/27/2017 03:44:46,0.00388706
09/27/2017 03:45:02,0.00388706
09/27/2017 03:45:18,0.00388706
09/27/2017 03:45:33,0.00388706
09/27/2017 03:45:49,0.0038853
09/27/2017 03:46:05,0.0038853
09/27/2017 03:46:21,0.00388706
09/27/2017 03:46:37,0.0038853
09/27/2017 03:46:53,0.00388307
09/27/2017 03:47:09,0.00387982
09/27/2017 03:47:25,0.00388307
09/27/2017 03:47:41,0.00387982
09/27/2017 03:47:57,0.00387982
09/27/2017 03:48:13,0.00387982
09/27/2017 03:48:29,0.00387732
09/27/2017 03:48:45,0.00387982
09/27/2017 03:49:01,0.00387946
09/27/2017 03:49:16,0.00387946
09/27/2017 03:49:32,0.00387732
09/27/2017 03:49:48,0.00387732
09/27/2017 03:50:04,0.00387946
09/27/2017 03:50:20,0.00387946
09/27/2017 03:50:36,0.00388131
09/27/2017 03:50:51,0.00387946
09/27/2017 03:51:07,0.00388286
09/27/2017 04:02:55,0.00388286
09/27/2017 04:06:47,0.00387926
09/27/2017 04:07:03,0.00388131
09/27/2017 04:07:18,0.00387661
09/27/2017 04:07:34,0.00387661
09/27/2017 04:07:50,0.00388131
09/27/2017 04:08:06,0.00387661
09/27/2017 04:08:22,0.00387661
09/27/2017 04:08:38,0.00387814
09/27/2017 04:08:54,0.00387814
09/27/2017 04:09:10,0.00387814
09/27/2017 04:09:25,0.00387757
09/27/2017 04:09:42,0.00387814
09/27/2017 04:09:58,0.00387814
09/27/2017 04:10:14,0.00387757
09/27/2017 04:10:30,0.00387834
09/27/2017 04:10:46,0.00387834
09/27/2017 04:11:02,0.00387834
09/27/2017 04:11:18,0.00387958
09/27/2017 04:11:34,0.00387834
09/27/2017 04:11:49,0.00387958
09/27/2017 04:12:05,0.00387958
09/27/2017 04:12:21,0.00387958
09/27/2017 04:12:37,0.00387903
09/27/2017 04:12:53,0.00387958
09/27/2017 04:13:08,0.00388048
09/27/2017 04:13:24,0.00387903
09/27/2017 04:13:40,0.00388048
09/27/2017 04:13:56,0.00388048
09/27/2017 04:14:12,0.00387834
09/27/2017 04:14:28,0.00388048
09/27/2017 04:14:43,0.00387965
09/27/2017 04:14:59,0.00387965
09/27/2017 04:15:16,0.00387965
09/27/2017 04:15:31,0.00387965
09/27/2017 04:15:47,0.00387965
09/27/2017 04:16:03,0.00388098
09/27/2017 04:16:19,0.00388098
09/27/2017 04:16:35,0.00388098
09/27/2017 04:16:51,0.00388121
09/27/2017 04:17:06,0.00387967
09/27/2017 04:17:23,0.00388048
09/27/2017 04:17:38,0.00387967
09/27/2017 04:17:54,0.00387967
09/27/2017 04:18:10,0.00388098
09/27/2017 04:18:31,0.00387967
09/27/2017 04:18:47,0.00387967
09/27/2017 04:19:03,0.00387967
